,Reference,Amplisas,Micness,Megasat,CHIIMP
Reference,0,0.24605263,0.15601852,0.06008772,0.20263158
Amplisas,0.24605263,0,0.18289474,0.25087719,0.11096491
Micness,0.15601852,0.18289474,0,0.17192982,0.16184211
Megasat,0.06008772,0.25087719,0.17192982,0,0.20263158
CHIIMP,0.20263158,0.11096491,0.16184211,0.20263158,0
